Frame,EAR,Pitch,Yaw,Status
1,0.252,-58998.22,4965.54,DISTRACTED
2,0.26,-58924.47,5926.94,DISTRACTED
3,0.267,-59212.99,5652.19,DISTRACTED
4,0.268,-59230.15,5196.41,DISTRACTED
5,0.267,-59347.45,4995.3,DISTRACTED
6,0.272,-59628.5,3852.67,DISTRACTED
7,0.271,-59817.68,3186.2,DISTRACTED
8,0.268,-59829.92,2674.52,DISTRACTED
9,0.272,-59876.91,2573.82,DISTRACTED
10,0.271,-59816.4,2605.99,DISTRACTED
11,0.269,-59753.43,2479.39,DISTRACTED
12,0.27,-59842.34,1860.03,DISTRACTED
13,0.264,-59761.27,1863.93,DISTRACTED
14,0.264,-59696.98,1875.56,DISTRACTED
15,0.267,-59626.88,1860.37,DISTRACTED
16,0.27,-59605.94,2208.31,DISTRACTED
17,0.27,-59459.75,2355.29,DISTRACTED
18,0.271,-59601.89,2151.33,DISTRACTED
19,0.271,-59620.75,2098.73,DISTRACTED
20,0.274,-59647.38,2129.47,DISTRACTED
21,0.272,-59661.99,2026.69,DISTRACTED
22,0.274,-59644.84,2228.79,DISTRACTED
23,0.272,-59636.43,2164.51,DISTRACTED
24,0.273,-59644.62,2285.87,DISTRACTED
25,0.277,-59622.63,2443.31,DISTRACTED
26,0.274,-59595.58,2537.69,DISTRACTED
27,0.274,-59578.43,2584.41,DISTRACTED
28,0.28,-59569.86,2271.56,DISTRACTED
29,0.279,-59541.86,2852.58,DISTRACTED
30,0.274,-59459.8,2902.96,DISTRACTED
31,0.276,-59511.22,2491.41,DISTRACTED
32,0.287,-59341.87,2422.07,DISTRACTED
33,0.284,-59501.91,1773.05,DISTRACTED
34,0.284,-59546.52,1777.38,DISTRACTED
35,0.284,-59502.66,1633.54,DISTRACTED
36,0.284,-59521.68,1451.4,DISTRACTED
37,0.273,-59547.38,1465.19,DISTRACTED
38,0.263,-59577.55,1700.51,DISTRACTED
39,0.267,-59645.37,1672.24,DISTRACTED
40,0.262,-59664.06,1452.09,DISTRACTED
41,0.27,-59663.15,1285.36,DISTRACTED
42,0.268,-59678.46,1243.34,DISTRACTED
43,0.265,-59871.34,1184.02,DISTRACTED
44,0.264,-60089.57,1016.92,DISTRACTED
45,0.268,-60274.94,1410.42,DISTRACTED
46,0.273,-60384.0,885.93,DISTRACTED
47,0.288,-59963.57,64.78,DISTRACTED
48,0.291,-60064.01,-460.58,DISTRACTED
49,0.289,-60168.07,228.74,DISTRACTED
50,0.29,-60406.79,360.33,DISTRACTED
51,0.28,-60338.19,1608.0,DISTRACTED
52,0.278,-60062.79,2423.42,DISTRACTED
53,0.285,-59935.18,2941.62,DISTRACTED
54,0.282,-59720.24,3290.54,DISTRACTED
55,0.289,-59927.01,3303.41,DISTRACTED
56,0.265,-59908.86,3107.65,DISTRACTED
57,0.263,-60085.34,2588.94,DISTRACTED
58,0.266,-60056.44,3078.95,DISTRACTED
59,0.268,-59958.55,2759.74,DISTRACTED
60,0.268,-60055.2,2508.16,DISTRACTED
61,0.26,-59993.55,1994.59,DISTRACTED
62,0.256,-59962.91,1401.88,DISTRACTED
63,0.264,-60049.93,1153.22,DISTRACTED
64,0.274,-59803.36,796.15,DISTRACTED
65,0.276,-59830.97,907.56,DISTRACTED
66,0.28,-59968.68,838.18,DISTRACTED
67,0.282,-60007.78,623.67,DISTRACTED
68,0.291,-59804.32,1312.27,DISTRACTED
69,0.284,-59433.67,2334.76,DISTRACTED
70,0.164,-59707.27,2360.64,DISTRACTED
71,0.165,-59771.42,2250.45,DISTRACTED
72,0.247,-59661.74,2107.94,DISTRACTED
73,0.272,-59448.04,2332.62,DISTRACTED
74,0.265,-59687.25,2287.86,DISTRACTED
75,0.272,-59642.62,2540.29,DISTRACTED
76,0.272,-59703.48,2680.53,DISTRACTED
77,0.271,-60002.29,2621.61,DISTRACTED
78,0.244,-60085.08,2639.15,DISTRACTED
79,0.238,-60060.62,2767.73,DISTRACTED
80,0.243,-60008.38,2770.28,DISTRACTED
81,0.246,-59982.43,2741.06,DISTRACTED
82,0.247,-60003.4,2804.67,DISTRACTED
83,0.252,-60154.81,2324.27,DISTRACTED
84,0.251,-60086.08,2025.56,DISTRACTED
85,0.259,-60061.74,2083.1,DISTRACTED
86,0.26,-60061.64,1775.65,DISTRACTED
87,0.261,-60150.5,1552.38,DISTRACTED
88,0.265,-60275.08,1324.75,DISTRACTED
89,0.262,-60269.96,1305.89,DISTRACTED
90,0.267,-60250.24,1542.92,DISTRACTED
91,0.264,-60172.64,1802.92,DISTRACTED
92,0.268,-60067.74,2304.3,DISTRACTED
93,0.263,-60238.53,2950.26,DISTRACTED
94,0.257,-60325.88,2544.95,DISTRACTED
95,0.261,-60234.19,1977.94,DISTRACTED
96,0.27,-60065.25,2496.78,DISTRACTED
97,0.273,-60190.5,2523.74,DISTRACTED
98,0.275,-60178.23,2707.55,DISTRACTED
99,0.195,-60146.23,2450.87,DISTRACTED
100,0.194,-60471.21,2017.74,DISTRACTED
101,0.251,-60184.85,1862.93,DISTRACTED
102,0.267,-60138.92,1984.08,DISTRACTED
103,0.267,-60135.76,1625.49,DISTRACTED
104,0.273,-60260.49,965.41,DISTRACTED
105,0.27,-60309.52,1066.41,DISTRACTED
106,0.274,-60296.47,1066.83,DISTRACTED
107,0.276,-60267.45,1320.67,DISTRACTED
108,0.272,-60224.54,1758.37,DISTRACTED
109,0.274,-60090.63,2004.33,DISTRACTED
110,0.272,-60027.44,2132.21,DISTRACTED
111,0.276,-60011.64,2377.66,DISTRACTED
112,0.271,-60043.62,2194.68,DISTRACTED
113,0.271,-60154.67,1949.07,DISTRACTED
114,0.278,-60092.7,1971.37,DISTRACTED
115,0.267,-60214.24,1492.7,DISTRACTED
116,0.251,-59896.25,766.08,DISTRACTED
117,0.236,-59917.14,283.48,DISTRACTED
118,0.241,-59909.13,-898.55,DISTRACTED
119,0.245,-59825.88,-1209.86,DISTRACTED
120,0.245,-60240.05,-1017.23,DISTRACTED
121,0.248,-60376.1,-76.57,DISTRACTED
122,0.242,-59356.87,453.33,DISTRACTED
123,0.095,-59165.68,4731.97,DISTRACTED
124,0.069,-58701.4,7219.25,DISTRACTED
125,0.131,-57584.41,10214.26,DISTRACTED
126,0.18,-56762.63,11682.22,DISTRACTED
127,0.197,-56010.03,11625.39,DISTRACTED
128,0.208,-55903.9,11493.1,DISTRACTED
129,0.229,-54887.97,11655.05,DISTRACTED
130,0.216,-54325.58,11002.16,DISTRACTED
131,0.175,-54064.95,11832.06,DISTRACTED
132,0.204,-53534.29,11801.98,DISTRACTED
133,0.209,-53354.89,11717.37,DISTRACTED
134,0.213,-53704.84,11714.26,DISTRACTED
135,0.219,-53673.37,11831.0,DISTRACTED
136,0.217,-53792.52,11818.32,DISTRACTED
137,0.201,-53764.83,11814.47,DISTRACTED
138,0.192,-53962.29,12027.39,DISTRACTED
139,0.149,-53666.54,11587.82,DISTRACTED
140,0.123,-53607.89,10843.24,DISTRACTED
141,0.158,-53724.9,10488.18,DISTRACTED
142,0.185,-53594.58,10642.06,DISTRACTED
143,0.197,-53599.79,10767.39,DISTRACTED
144,0.211,-53790.81,10836.48,DISTRACTED
145,0.228,-53728.25,10391.98,DISTRACTED
146,0.226,-53635.5,10421.87,DISTRACTED
147,0.234,-53882.55,9736.96,DISTRACTED
148,0.195,-53606.27,10321.55,DISTRACTED
149,0.165,-53359.96,8991.54,DISTRACTED
150,0.174,-53449.29,9151.65,DISTRACTED
151,0.198,-53559.51,9496.63,DISTRACTED
152,0.203,-53287.53,9424.63,DISTRACTED
153,0.192,-53330.06,9575.7,DISTRACTED
154,0.219,-53555.16,9528.65,DISTRACTED
155,0.221,-53789.0,9494.63,DISTRACTED
156,0.208,-53853.4,9389.83,DISTRACTED
157,0.213,-53915.0,9641.28,DISTRACTED
158,0.214,-53819.56,9492.12,DISTRACTED
159,0.219,-53799.94,9589.28,DISTRACTED
160,0.217,-53739.46,9646.99,DISTRACTED
161,0.221,-53786.63,9604.96,DISTRACTED
162,0.219,-53835.95,9642.11,DISTRACTED
163,0.212,-53842.21,9743.88,DISTRACTED
164,0.166,-53755.89,9889.59,DISTRACTED
165,0.183,-53796.15,10023.59,DISTRACTED
166,0.271,-63179.39,3170.32,DISTRACTED
167,0.272,-63058.32,2903.01,DISTRACTED
168,0.28,-62819.67,2611.42,DISTRACTED
169,0.287,-62737.3,2673.1,DISTRACTED
170,0.29,-62607.68,2857.13,DISTRACTED
171,0.293,-62454.16,2536.88,DISTRACTED
172,0.29,-62531.31,2799.27,DISTRACTED
173,0.253,-62199.13,2630.76,DISTRACTED
174,0.247,-62125.45,2160.12,DISTRACTED
175,0.257,-62147.42,2208.78,DISTRACTED
176,0.253,-53169.95,9945.71,DISTRACTED
177,0.239,-53259.77,9999.91,DISTRACTED
178,0.242,-53319.84,9751.98,DISTRACTED
179,0.233,-53342.45,9778.89,DISTRACTED
180,0.236,-53452.83,9663.69,DISTRACTED
181,0.22,-53462.22,9475.54,DISTRACTED
182,0.218,-53423.24,9671.05,DISTRACTED
183,0.218,-53455.27,9476.36,DISTRACTED
184,0.216,-53394.28,9632.0,DISTRACTED
185,0.214,-53326.48,9490.31,DISTRACTED
186,0.216,-53215.08,9380.23,DISTRACTED
187,0.217,-53302.97,9335.2,DISTRACTED
188,0.207,-53440.99,9565.29,DISTRACTED
189,0.207,-53492.77,9641.71,DISTRACTED
190,0.207,-53464.72,9680.24,DISTRACTED
191,0.193,-53514.41,9574.43,DISTRACTED
192,0.185,-53542.87,9312.2,DISTRACTED
193,0.173,-53469.6,9050.3,DISTRACTED
194,0.165,-53506.68,8823.85,DISTRACTED
195,0.165,-53590.6,8684.4,DISTRACTED
196,0.166,-53534.36,8556.34,DISTRACTED
197,0.167,-53313.37,8539.75,DISTRACTED
198,0.176,-53431.84,8484.19,DISTRACTED
199,0.166,-53353.15,8519.85,DISTRACTED
200,0.176,-53359.99,8426.37,DISTRACTED
201,0.158,-53267.89,8707.81,DISTRACTED
202,0.168,-53261.05,8768.37,DISTRACTED
203,0.171,-53449.33,9007.14,DISTRACTED
204,0.182,-53073.19,8397.44,DISTRACTED
205,0.193,-53112.4,8208.15,DISTRACTED
206,0.163,-53145.0,6246.95,DISTRACTED
207,0.17,-53478.05,2099.0,DISTRACTED
208,0.186,-54394.06,-1230.22,DISTRACTED
209,0.159,-54347.06,-2950.87,DISTRACTED
210,0.163,-54034.94,-3958.26,DISTRACTED
211,0.197,-53371.98,-4513.25,DISTRACTED
212,0.24,-53508.06,-5079.39,DISTRACTED
213,0.256,-53253.44,-4585.8,DISTRACTED
214,0.26,-53426.75,-4868.56,DISTRACTED
215,0.248,-53909.45,-5027.82,DISTRACTED
216,0.25,-53169.74,-4855.35,DISTRACTED
217,0.239,-52986.61,-4377.18,DISTRACTED
218,0.218,-52650.86,-3788.33,DISTRACTED
219,0.226,-52748.8,-2778.83,DISTRACTED
220,0.197,-61662.94,-10221.76,DISTRACTED
221,0.179,-53722.38,-1396.81,DISTRACTED
222,0.172,-53321.19,415.32,DISTRACTED
223,0.178,-52944.54,1831.0,DISTRACTED
224,0.162,-53151.85,6018.37,DISTRACTED
225,0.16,-52695.32,8810.25,DISTRACTED
226,0.165,-52551.27,9395.39,DISTRACTED
227,0.156,-52326.29,10281.85,DISTRACTED
228,0.164,-52797.07,10672.3,DISTRACTED
229,0.177,-61766.01,3753.31,DISTRACTED
230,0.15,-61676.05,3882.48,DISTRACTED
231,0.17,-61930.46,4353.51,DISTRACTED
232,0.167,-53033.38,11958.86,DISTRACTED
233,0.162,-53303.58,11735.74,DISTRACTED
234,0.165,-54086.4,10934.13,DISTRACTED
235,0.146,-53701.04,10208.81,DISTRACTED
236,0.14,-62614.04,1936.9,DISTRACTED
237,0.141,-62013.63,2227.94,DISTRACTED
238,0.151,-62506.47,2168.48,DISTRACTED
239,0.138,-62402.98,1706.43,DISTRACTED
240,0.151,-61923.13,1466.58,DISTRACTED
241,0.147,-62093.97,1664.29,DISTRACTED
242,0.147,-61701.06,1632.85,DISTRACTED
243,0.141,-61779.43,1302.67,DISTRACTED
244,0.144,-61735.81,1667.0,DISTRACTED
245,0.137,-61645.67,1497.25,DISTRACTED
246,0.145,-62099.53,2011.13,DISTRACTED
247,0.133,-53344.58,10082.61,DISTRACTED
248,0.172,-53168.92,10570.48,DISTRACTED
249,0.164,-63375.3,3425.18,DISTRACTED
250,0.162,-64087.99,3817.19,DISTRACTED
251,0.128,-54143.42,11222.58,DISTRACTED
252,0.139,-53857.72,11205.1,DISTRACTED
253,0.129,-53671.15,11375.77,DISTRACTED
254,0.119,-53921.65,11013.61,DISTRACTED
255,0.13,-53710.33,11037.75,DISTRACTED
256,0.14,-53654.78,10743.25,DISTRACTED
257,0.174,-53654.27,10736.88,DISTRACTED
258,0.184,-53248.75,11073.44,DISTRACTED
259,0.17,-53247.76,11367.23,DISTRACTED
260,0.191,-61277.25,2446.51,DISTRACTED
261,0.197,-60999.46,2783.85,DISTRACTED
262,0.2,-52327.89,11553.11,DISTRACTED
263,0.242,-52051.51,11496.95,DISTRACTED
264,0.231,-52390.13,11300.11,DISTRACTED
265,0.248,-51947.54,10976.34,DISTRACTED
266,0.236,-52004.31,10832.74,DISTRACTED
267,0.229,-51884.62,10776.87,DISTRACTED
268,0.225,-52417.0,10797.53,DISTRACTED
269,0.216,-52473.39,10938.37,DISTRACTED
270,0.212,-52332.12,10749.43,DISTRACTED
271,0.212,-52109.37,10155.73,DISTRACTED
272,0.222,-59965.03,1299.37,DISTRACTED
273,0.221,-59989.45,1167.04,DISTRACTED
274,0.204,-60269.21,1811.19,DISTRACTED
275,0.207,-60391.37,2130.83,DISTRACTED
276,0.205,-60103.42,2024.81,DISTRACTED
277,0.204,-59777.78,1772.95,DISTRACTED
278,0.208,-51485.27,10284.67,DISTRACTED
279,0.22,-51566.43,10511.63,DISTRACTED
280,0.221,-51797.04,10456.68,DISTRACTED
281,0.209,-51823.18,10097.87,DISTRACTED
282,0.223,-51368.63,9645.0,DISTRACTED
283,0.216,-51587.99,9957.74,DISTRACTED
284,0.219,-51330.09,9526.88,DISTRACTED
285,0.203,-51432.36,9418.75,DISTRACTED
286,0.193,-51428.2,9237.47,DISTRACTED
287,0.188,-51284.55,9285.64,DISTRACTED
288,0.192,-51560.14,9297.91,DISTRACTED
289,0.188,-51537.29,9125.87,DISTRACTED
290,0.184,-51470.97,9130.32,DISTRACTED
291,0.187,-51540.66,9120.11,DISTRACTED
292,0.181,-51523.77,9166.39,DISTRACTED
293,0.187,-51609.56,9288.04,DISTRACTED
294,0.181,-51599.65,8999.49,DISTRACTED
295,0.187,-52140.35,9470.62,DISTRACTED
296,0.161,-52712.42,9592.05,DISTRACTED
297,0.181,-53159.5,9755.76,DISTRACTED
298,0.164,-53905.11,9787.58,DISTRACTED
299,0.239,-53479.61,10602.24,DISTRACTED
300,0.264,-63304.98,1870.97,DISTRACTED
301,0.282,-55218.15,7109.8,DISTRACTED
302,0.314,-55858.34,5488.38,DISTRACTED
303,0.31,-57095.96,3748.9,DISTRACTED
304,0.289,-57698.27,4984.08,DISTRACTED
305,0.306,-58479.65,3925.38,DISTRACTED
306,0.285,-58406.26,4379.4,DISTRACTED
307,0.283,-58687.76,4700.87,DISTRACTED
308,0.277,-59041.18,4492.75,DISTRACTED
309,0.271,-59102.01,4577.89,DISTRACTED
310,0.266,-59145.18,4549.88,DISTRACTED
311,0.274,-58702.62,5516.96,DISTRACTED
312,0.267,-58978.97,6013.17,DISTRACTED
313,0.253,-59452.8,5060.16,DISTRACTED
314,0.259,-59869.23,4244.42,DISTRACTED
315,0.251,-60144.58,4291.55,DISTRACTED
316,0.241,-60455.08,4472.1,DISTRACTED
317,0.246,-60712.29,4239.67,DISTRACTED
318,0.203,-61311.2,3144.18,DISTRACTED
319,0.152,-61345.84,3786.16,DISTRACTED
320,0.174,-61064.59,3772.6,DISTRACTED
321,0.193,-59967.33,5845.65,DISTRACTED
322,0.199,-60361.98,3550.17,DISTRACTED
323,0.203,-59045.47,7189.17,DISTRACTED
324,0.206,-59024.41,7524.52,DISTRACTED
325,0.216,-58835.52,7580.68,DISTRACTED
326,0.243,-57816.71,9713.26,DISTRACTED
327,0.244,-58352.36,6441.55,DISTRACTED
328,0.264,-57683.72,7331.87,DISTRACTED
329,0.249,-58264.59,6033.02,DISTRACTED
330,0.228,-59331.16,4629.73,DISTRACTED
331,0.186,-59624.61,4822.87,DISTRACTED
332,0.199,-58641.07,7338.98,DISTRACTED
333,0.213,-58571.23,8284.29,DISTRACTED
334,0.209,-58930.6,7780.97,DISTRACTED
335,0.14,-58778.83,7427.03,DISTRACTED
336,0.023,-58771.3,6870.6,DISTRACTED
337,0.2,-58644.33,7323.02,DISTRACTED
338,0.252,-59502.72,5259.43,DISTRACTED
339,0.263,-60008.15,3728.88,DISTRACTED
340,0.265,-60110.09,2859.57,DISTRACTED
341,0.277,-60192.06,2460.96,DISTRACTED
342,0.269,-60136.84,2267.21,DISTRACTED
343,0.271,-59888.82,3207.21,DISTRACTED
344,0.272,-59750.63,3767.13,DISTRACTED
345,0.279,-59286.08,3612.06,DISTRACTED
346,0.307,-58442.41,5615.25,DISTRACTED
347,0.299,-57401.56,6797.94,DISTRACTED
348,0.316,-56986.59,6754.87,DISTRACTED
349,0.322,-56781.15,6375.15,DISTRACTED
350,0.318,-57286.88,5291.83,DISTRACTED
351,0.149,-57725.22,4742.71,DISTRACTED
352,0.181,-62221.51,-1843.24,DISTRACTED
353,0.186,-59958.28,10506.7,DISTRACTED
354,0.181,-54386.39,6827.46,DISTRACTED
355,0.171,-51920.13,8364.49,DISTRACTED
356,0.149,-49229.74,8027.44,DISTRACTED
357,0.143,-48543.87,5711.97,DISTRACTED
358,0.147,-48927.53,6523.48,DISTRACTED
359,0.267,-51101.33,6981.02,DISTRACTED
360,0.291,-50410.89,7356.36,DISTRACTED
361,0.283,-50589.19,7134.32,DISTRACTED
362,0.282,-50448.39,7761.78,DISTRACTED
363,0.278,-51331.2,7252.99,DISTRACTED
364,0.286,-52161.1,6830.62,DISTRACTED
365,0.292,-52280.77,6077.27,DISTRACTED
366,0.31,-52368.46,5074.96,DISTRACTED
367,0.307,-34152.25,-101.31,DISTRACTED
368,0.13,-54228.23,7275.58,DISTRACTED
369,0.151,-54588.27,7797.27,DISTRACTED
370,0.292,-55713.39,7279.84,DISTRACTED
371,0.286,-56333.26,6835.73,DISTRACTED
372,0.271,-57098.98,5819.01,DISTRACTED
373,0.045,-57462.29,5077.44,DISTRACTED
374,0.11,-58245.55,6267.28,DISTRACTED
375,0.244,-58439.23,7512.24,DISTRACTED
376,0.257,-58686.71,6776.21,DISTRACTED
377,0.255,-58994.62,6456.54,DISTRACTED
378,0.262,-58938.84,5498.22,DISTRACTED
379,0.261,-59742.07,4665.75,DISTRACTED
380,0.257,-60422.99,3168.96,DISTRACTED
381,0.254,-60769.47,3376.08,DISTRACTED
382,0.247,-60939.97,3339.8,DISTRACTED
383,0.228,-61098.04,2933.91,DISTRACTED
384,0.015,-62160.41,3385.38,DISTRACTED
385,0.124,-61446.72,3161.21,DISTRACTED
386,0.2,-61598.76,2000.99,DISTRACTED
387,0.204,-62186.1,444.11,DISTRACTED
388,0.212,-61790.19,1768.08,DISTRACTED
389,0.211,-61112.37,3854.98,DISTRACTED
390,0.215,-61600.7,4919.47,DISTRACTED
391,0.22,-61643.86,4304.03,DISTRACTED
392,0.219,-61616.35,3963.2,DISTRACTED
393,0.211,-61202.62,4821.34,DISTRACTED
394,0.209,-61097.43,5115.26,DISTRACTED
395,0.208,-60985.1,5798.56,DISTRACTED
396,0.216,-60670.55,5868.26,DISTRACTED
397,0.219,-60754.39,5605.59,DISTRACTED
398,0.231,-60654.58,5403.85,DISTRACTED
399,0.24,-60519.21,5150.71,DISTRACTED
400,0.257,-60272.74,5533.09,DISTRACTED
401,0.26,-60358.35,5572.64,DISTRACTED
402,0.163,-61108.3,5117.57,DISTRACTED
403,0.162,-60585.28,5876.81,DISTRACTED
404,0.203,-60406.9,5872.29,DISTRACTED
405,0.227,-60291.67,5762.86,DISTRACTED
406,0.227,-60391.48,5203.02,DISTRACTED
407,0.226,-60481.18,5048.2,DISTRACTED
408,0.224,-60689.67,4312.08,DISTRACTED
409,0.227,-60701.16,4193.34,DISTRACTED
410,0.228,-60521.73,4365.3,DISTRACTED
411,0.231,-60434.61,4586.19,DISTRACTED
412,0.226,-60573.28,4516.13,DISTRACTED
413,0.228,-60495.87,4418.15,DISTRACTED
414,0.228,-60452.75,4334.24,DISTRACTED
415,0.226,-60335.16,4052.8,DISTRACTED
416,0.228,-60262.86,4362.39,DISTRACTED
417,0.228,-60354.86,4287.05,DISTRACTED
418,0.228,-60233.26,4273.86,DISTRACTED
419,0.217,-60292.47,4146.4,DISTRACTED
420,0.227,-60213.42,3865.09,DISTRACTED
421,0.223,-60245.28,4031.07,DISTRACTED
422,0.229,-60149.64,4459.32,DISTRACTED
423,0.228,-60318.57,4187.06,DISTRACTED
424,0.217,-60141.69,4536.36,DISTRACTED
425,0.221,-60226.23,4380.72,DISTRACTED
426,0.222,-60088.86,4963.44,DISTRACTED
427,0.223,-60017.65,4727.11,DISTRACTED
428,0.226,-59943.83,5058.41,DISTRACTED
429,0.241,-59624.72,5679.18,DISTRACTED
430,0.237,-59692.74,5189.08,DISTRACTED
431,0.235,-59700.49,5939.15,DISTRACTED
432,0.236,-59673.09,5549.33,DISTRACTED
433,0.192,-59666.12,5307.19,DISTRACTED
434,0.201,-59547.02,5544.48,DISTRACTED
435,0.207,-59379.16,5669.58,DISTRACTED
436,0.211,-59553.69,5363.02,DISTRACTED
437,0.207,-59634.2,5031.59,DISTRACTED
438,0.213,-59549.34,5250.09,DISTRACTED
439,0.215,-59520.02,5440.56,DISTRACTED
440,0.245,-59462.25,5074.23,DISTRACTED
441,0.246,-59646.69,5024.16,DISTRACTED
442,0.247,-59558.7,4787.81,DISTRACTED
443,0.243,-59493.25,5102.59,DISTRACTED
444,0.244,-59703.29,4704.4,DISTRACTED
445,0.248,-59577.82,4749.54,DISTRACTED
446,0.25,-59586.5,4392.99,DISTRACTED
447,0.249,-59651.0,4578.74,DISTRACTED
448,0.253,-59709.53,4386.9,DISTRACTED
449,0.249,-59669.08,4214.12,DISTRACTED
450,0.252,-59717.63,3995.59,DISTRACTED
451,0.253,-59649.94,4409.75,DISTRACTED
452,0.254,-59601.11,4456.54,DISTRACTED
453,0.256,-59497.16,4722.35,DISTRACTED
454,0.253,-59697.81,4406.99,DISTRACTED
455,0.251,-59580.03,4627.48,DISTRACTED
456,0.249,-59649.21,4442.47,DISTRACTED
457,0.267,-59516.68,4480.57,DISTRACTED
458,0.273,-59673.04,4218.71,DISTRACTED
459,0.272,-59729.66,3948.84,DISTRACTED
460,0.271,-59767.92,3955.11,DISTRACTED
461,0.275,-59749.81,3840.56,DISTRACTED
462,0.278,-59794.37,3678.55,DISTRACTED
463,0.275,-59720.82,3888.98,DISTRACTED
464,0.269,-59741.81,3730.88,DISTRACTED
465,0.265,-59717.52,3873.32,DISTRACTED
466,0.267,-59912.74,3616.33,DISTRACTED
467,0.264,-59945.66,3588.78,DISTRACTED
468,0.259,-59835.82,3740.75,DISTRACTED
469,0.26,-59949.67,3606.52,DISTRACTED
470,0.259,-59811.0,4092.31,DISTRACTED
471,0.256,-59800.33,3835.36,DISTRACTED
472,0.248,-59632.3,4059.99,DISTRACTED
473,0.253,-59686.38,3536.87,DISTRACTED
474,0.252,-59749.44,3856.11,DISTRACTED
475,0.25,-59708.36,3593.82,DISTRACTED
476,0.253,-59546.71,3837.0,DISTRACTED
477,0.252,-59546.78,3751.1,DISTRACTED
478,0.252,-59547.99,4062.0,DISTRACTED
479,0.251,-59431.35,4342.48,DISTRACTED
480,0.247,-59438.4,4173.13,DISTRACTED
481,0.25,-59426.77,3760.59,DISTRACTED
482,0.252,-59397.64,3787.88,DISTRACTED
483,0.252,-59337.06,4178.79,DISTRACTED
484,0.258,-59251.62,4131.98,DISTRACTED
485,0.258,-59110.56,4391.88,DISTRACTED
